{ 
    "src":    "AI.svg",

    "animations": [
      {
        "element": "#Roll",
        "type":    "transform",
        "transforms": [{
          "type": "rotate",
          "a": {
            "property": "roll",
            "scale": -1
          },
          "x": 256,
          "y": 256
        }]
      },{
        "element": "#Pitch",
        "type":    "transform",
        "transforms": [{
          "type": "translate",
          "x": 0,
          "y": {
            "property": "pitch",
            "scale": 6
          }
        }]
      }
    ]
}
