<?xml version="1.0" encoding="UTF-8"?>
<!--
 This file is part of FlightGear, the free flight simulator
 http://www.flightgear.org/

 Copyright (C) 2009 Torsten Dreyer, Torsten (at) t3r _dot_ de

 This program is free software; you can redistribute it and/or
 modify it under the terms of the GNU General Public License as
 published by the Free Software Foundation; either version 2 of the
 License, or (at your option) any later version.

 This program is distributed in the hope that it will be useful, but
 WITHOUT ANY WARRANTY; without even the implied warranty of
 MERCHANTABILITY or FITNESS FOR A PARTICULAR PURPOSE.  See the GNU
 General Public License for more details.
-->
<PropertyList>

    <path>kra10a.ac</path>

    <animation>
        <type>noshadow</type>
        <object-name>kra10</object-name>
    </animation>
    
    <animation>
        <type>material</type>
        <object-name>kra10.face</object-name>
        <emission>
            <red-prop>/sim/model/material/instruments/red</red-prop>
            <green-prop>/sim/model/material/instruments/green</green-prop>
            <blue-prop>/sim/model/material/instruments/blue</blue-prop>
            <factor-prop>/sim/model/material/instruments/factor</factor-prop>
        </emission>
    </animation>
    
    <animation>
        <type>rotate</type>
        <object-name>kra10.needle</object-name>
        <property>position/altitude-agl-ft</property>
        <interpolation>
            <entry>
                <ind> 0</ind>
                <dep>90.0</dep>
            </entry>
            <entry>
                <ind> 20</ind>
                <dep>90.0</dep>
            </entry>
            <entry>
                <ind> 30</ind>
                <dep>350.0</dep>
            </entry>
            <entry>
                <ind> 50</ind>
                <dep>344.0</dep>
            </entry>
            <entry>
                <ind> 100</ind>
                <dep>330.0</dep>
            </entry>
            <entry>
                <ind> 200</ind>
                <dep>298.0</dep>
            </entry>
            <entry>
                <ind> 300</ind>
                <dep>267.0</dep>
            </entry>
            <entry>
                <ind> 400</ind>
                <dep>233.0</dep>
            </entry>
            <entry>
                <ind> 500</ind>
                <dep>200.0</dep>
            </entry>
            <entry>
                <ind>1000</ind>
                <dep>180.0</dep>
            </entry>
            <entry>
                <ind>1500</ind>
                <dep>160.0</dep>
            </entry>
            <entry>
                <ind>2000</ind>
                <dep>140.0</dep>
            </entry>
            <entry>
                <ind>2500</ind>
                <dep>120.0</dep>
            </entry>
            <entry>
                <ind>2700</ind>
                <dep>90.0</dep>
            </entry>
        </interpolation>
        <axis>
            <x>1.0</x>
            <y>0.0</y>
            <z>0.0</z>
        </axis>
        <center>
            <x-m>0</x-m>
            <y-m>0</y-m>
            <z-m>0</z-m>
        </center>

    </animation>

    <animation>
        <type>rotate</type>
        <object-name>kra10.Bug</object-name>
        <property>instrumentation/radar-altimeter/decision-height</property>
        <interpolation>
            <entry>
                <ind> 0</ind>
                <dep>359.0</dep>
            </entry>
            <entry>
                <ind> 50</ind>
                <dep>344.0</dep>
            </entry>
            <entry>
                <ind> 100</ind>
                <dep>330.0</dep>
            </entry>
            <entry>
                <ind> 200</ind>
                <dep>298.0</dep>
            </entry>
            <entry>
                <ind> 300</ind>
                <dep>267.0</dep>
            </entry>
            <entry>
                <ind> 400</ind>
                <dep>233.0</dep>
            </entry>
            <entry>
                <ind> 500</ind>
                <dep>200.0</dep>
            </entry>
            <entry>
                <ind>1000</ind>
                <dep>180.0</dep>
            </entry>
            <entry>
                <ind>1500</ind>
                <dep>160.0</dep>
            </entry>
            <entry>
                <ind>2000</ind>
                <dep>140.0</dep>
            </entry>
            <entry>
                <ind>2500</ind>
                <dep>120.0</dep>
            </entry>
        </interpolation>
        <axis>
            <x>1.0</x>
            <y>0.0</y>
            <z>0.0</z>
        </axis>
        <center>
            <x-m>0</x-m>
            <y-m>0</y-m>
            <z-m>0</z-m>
        </center>
    </animation>

    <!-- DH light -->
    <animation>
        <type>material</type>
        <object-name>kra10.DH</object-name>
        <emission>
            <red>1.0</red>
            <green>1.0</green>
            <blue>1.0</blue>
        </emission>
        <condition>
          <less-than>
            <property>position/altitude-agl-ft</property>
            <property>instrumentation/radar-altimeter/decision-height</property>
          </less-than>
        </condition>
    </animation>

</PropertyList>
