<?xml version="1.0"?>

<!--
Default NAVCOM  radio instrument.
Parameterized and improved
John Check <j4strngs@rockfish.net>
June 2001

This is an instrument configuration file for the open-source flight
simulator FlightGear (www.flightgear.org).  The file is an XML-encoded
FlightGear property list defining the instrument's layers and actions.

Each instrument is composed of layers stacked on top of each other.
A layer may be a texture (with transparent parts to show the layers
underneath), text, or a special layer that switches between two
others (say, to turn an indicator light on or off).  Each layer can
move independently in proportion to a property value, and text
can be generated from property values as well: all of the layer's
movements are defined as transformations.

Actions are hotspots on the instrument that will respond to a mouse
click.  Actions always modify the values of properties, either by
adjusting them, toggling them, or swaping them with other
properties' values.
-->

<PropertyList>
 
 <name>ADF Radio</name>
 <w-base>256</w-base>
 <h-base>64</h-base>

 <params>
  <adf-freq-selected-prop>/instrumentation/adf/frequencies/selected-khz</adf-freq-selected-prop>
  <adf-freq-standby-prop>/instrumentation/adf/frequencies/standby-khz</adf-freq-standby-prop>
  <adf-morse-id-volume-prop>/instrumentation/adf/volume-norm</adf-morse-id-volume-prop>
  <adf-morse-ident-toggle-prop>/instrumentation/adf/ident-audible</adf-morse-ident-toggle-prop>
  <adf-pwr-volts-prop>/systems/electrical/outputs/adf[0]</adf-pwr-volts-prop>
 </params>

 <layers>

 <layer>
   <name>background</name>
   <texture>
    <path>Panels/Textures/adfradio.rgb</path>
    <x1>0.0</x1>
    <y1>0.75</y1>
    <x2>1.0</x2>
    <y2>1.0</y2>
   </texture>
  </layer>

  <layer>
   <name>adf frequencies</name>
   <type>text</type>
   <font>led</font>
   <point-size>7</point-size>
   <color>
    <red>1.0</red>
    <green>0.5</green>
    <blue>0.0</blue>
   </color>
   <chunks>
    <chunk>
     <type>number-value</type>
     <property alias="../../../../../params/adf-freq-selected-prop"/>
     <format>%6.0f</format>
    </chunk>
    <chunk>
     <type>number-value</type>
     <property alias="../../../../../params/adf-freq-standby-prop"/>
     <format>%12.0f</format>
    </chunk>
   </chunks>
   <transformations>
    <transformation>
     <type>x-shift</type>
     <offset>5</offset>
    </transformation>
    <transformation>
     <type>y-shift</type>
     <offset>5</offset>
    </transformation>
   </transformations>
  </layer>

  <layer>
  <name>nav knob</name>
  <texture>
   <path>Aircraft/Instruments/Textures/blister.rgb</path>
   <x1>0.0</x1>
   <y1>0.75</y1>
   <x2>0.25</x2>
   <y2>1.0</y2>
  </texture>
  <h>20</h>
  <w>20</w>
  <transformations>
   <transformation>
    <type>x-shift</type>
    <offset>110</offset>
   </transformation>
   <transformation>
    <type>y-shift</type>
    <offset>-14</offset>
   </transformation>
  </transformations>
 </layer>

 </layers>

 <actions>

  <action>
   <name>small decrease</name>
   <button>0</button>
   <x>96</x>
   <y>-32</y>
   <w>16</w>
   <h>32</h>
   <binding>
    <command>property-adjust</command>
    <property alias="../../../../params/adf-freq-standby-prop"/>
    <step>-1</step>
    <min>100</min>
    <max>1300</max>
    <resolution>1</resolution>
    <wrap>true</wrap>
   </binding>
  </action>

  <action>
   <name>large decrease</name>
   <button>1</button>
   <x>96</x>
   <y>-32</y>
   <w>16</w>
   <h>32</h>
   <binding>
    <command>property-adjust</command>
    <property alias="../../../../params/adf-freq-standby-prop"/>
    <step>-10</step>
    <min>100</min>
    <max>1300</max>
    <resolution>1</resolution>
    <wrap>true</wrap>
   </binding>
  </action>

  <action>
   <name>small increase</name>
   <button>0</button>
   <x>112</x>
   <y>-32</y>
   <w>16</w>
   <h>32</h>
   <binding>
    <command>property-adjust</command>
    <property alias="../../../../params/adf-freq-standby-prop"/>
    <step>1</step>
    <min>100</min>
    <max>1300</max>
    <resolution>1</resolution>
    <wrap>true</wrap>
   </binding>
  </action>

  <action>
   <name>large increase</name>
   <button>1</button>
   <x>112</x>
   <y>-32</y>
   <w>16</w>
   <h>32</h>
   <binding>
    <command>property-adjust</command>
    <property alias="../../../../params/adf-freq-standby-prop"/>
    <step>10</step>
    <min>100</min>
    <max>1300</max>
    <resolution>1</resolution>
   </binding>
  </action>

  <action>
   <name>swap adf frequencies</name>
   <button>0</button>
   <x>48</x>
   <y>-32</y>
   <w>32</w>
   <h>32</h>
   <binding>
    <command>property-swap</command>
    <property alias="../../../../params/adf-freq-selected-prop"/>
    <property alias="../../../../params/adf-freq-standby-prop"/>
   </binding>
  </action>

 </actions>

</PropertyList>
