<?xml version="1.0"?>

<!--
Parameterized ADF radio instrument.
John Check <j4strngs@rockfish.net>
June 2001

This is an instrument configuration file for the open-source flight
simulator FlightGear (www.flightgear.org).  The file is an XML-encoded
FlightGear property list defining the instrument's layers and actions.

Each instrument is composed of layers stacked on top of each other.
A layer may be a texture (with transparent parts to show the layers
underneath), text, or a special layer that switches between two
others (say, to turn an indicator light on or off).  Each layer can
move independently in proportion to a property value, and text
can be generated from property values as well: all of the layer's
movements are defined as transformations.

Actions are hotspots on the instrument that will respond to a mouse
click.  Actions always modify the values of properties, either by
adjusting them, toggling them, or swaping them with other
properties' values.
-->

<PropertyList>

 <name>Heading Course Indicator</name>
 <w-base>150</w-base>
 <h-base>60</h-base>

<params>
  <heading>/orientation/heading-magnetic-deg</heading>
  <heading-desired>/autopilot/settings/heading-bug-deg</heading-desired>
  <course>/instrumentation/nav[0]/radials/selected-deg</course>
</params>

 <layers>

  <layer>
   <name>background</name>
   <texture>
    <path>Panels/Textures/HeadingCourse.rgb</path>
    <x1>0.0</x1>
    <y1>0.0</y1>
    <x2>1.0</x2>
    <y2>1.0</y2>
   </texture>
  </layer>
  
  <layer>
   <name>display</name>
   <type>text</type>
   <font>led</font>
   <point-size>7</point-size>
   <color>
    <red>1.0</red>
    <green>0.5</green>
    <blue>0.0</blue>
   </color>
   <chunks>
    <chunk>
     <type>number-value</type>
     <property alias="../../../../../params/heading"/>
     <format>%12.0f</format>
    </chunk>
   </chunks>
   <transformations>
    <transformation>
     <type>x-shift</type>
     <offset>-88</offset>
    </transformation>
    <transformation>
     <type>y-shift</type>
     <offset>-20</offset>
    </transformation>
   </transformations>
  </layer>

  <layer>
   <name>display</name>
   <type>text</type>
   <font>led</font>
   <point-size>7</point-size>
   <color>
    <red>1.0</red>
    <green>0.5</green>
    <blue>0.0</blue>
   </color>
   <chunks>
    <chunk>
     <type>number-value</type>
     <property alias="../../../../../params/heading-desired"/>
     <format>%12.0f</format>
    </chunk>
   </chunks>
   <transformations>
    <transformation>
     <type>x-shift</type>
     <offset>-45</offset>
    </transformation>
    <transformation>
     <type>y-shift</type>
     <offset>-20</offset>
    </transformation>
   </transformations>
  </layer>

  <layer>
   <name>display</name>
   <type>text</type>
   <font>led</font>
   <point-size>7</point-size>
   <color>
    <red>1.0</red>
    <green>0.5</green>
    <blue>0.0</blue>
   </color>
   <chunks>
    <chunk>
     <type>number-value</type>
     <property alias="../../../../../params/course"/>
     <format>%12.0f</format>
    </chunk>
   </chunks>
   <transformations>
    <transformation>
     <type>x-shift</type>
     <offset>-2</offset>
    </transformation>
    <transformation>
     <type>y-shift</type>
     <offset>-20</offset>
    </transformation>
   </transformations>
  </layer>
 


  <layer>
   <name>hdg button label</name>
   <type>text</type>
   <point-size>12</point-size>
   <color>
    <red>0.0</red>
    <green>0.0</green>
    <blue>0.0</blue>
   </color>
   <chunks>
    <chunk>
     <type>literal</type>
     <text>HDG</text>
    </chunk>
   </chunks>
   <transformations>
    <transformation>
     <type>x-shift</type>
     <offset>-60</offset>
    </transformation>
    <transformation>
     <type>y-shift</type>
     <offset>5</offset>
    </transformation>
   </transformations>
  </layer>

  <layer>
   <name>hdg button label</name>
   <type>text</type>
   <point-size>12</point-size>
   <color>
    <red>0.0</red>
    <green>0.0</green>
    <blue>0.0</blue>
   </color>
   <chunks>
    <chunk>
     <type>literal</type>
     <text>HSK</text>
    </chunk>
   </chunks>
   <transformations>
    <transformation>
     <type>x-shift</type>
     <offset>-15</offset>
    </transformation>
    <transformation>
     <type>y-shift</type>
     <offset>5</offset>
    </transformation>
   </transformations>
  </layer>

  <layer>
   <name>crs button label</name>
   <type>text</type>
   <point-size>12</point-size>
   <color>
    <red>0.0</red>
    <green>0.0</green>
    <blue>0.0</blue>
   </color>
   <chunks>
    <chunk>
     <type>literal</type>
     <text>CRS</text>
    </chunk>
   </chunks>
   <transformations>
    <transformation>
     <type>x-shift</type>
     <offset>25</offset>
    </transformation>
    <transformation>
     <type>y-shift</type>
     <offset>5</offset>
    </transformation>
   </transformations>
  </layer>




 </layers>


</PropertyList>
