<?xml version="1.0"?>

<!--
Based on Cessna 172 Skyhawk panel from John Check <j4strngs@rockfish.net>
_______________________________________________________________________

This is a panel configuration file for the open-source flight
simulator FlightGear (www.flightgear.org).  The file is an XML-encoded
FlightGear property list defining the panel's background texture and
the location (and optionally, size) of the instruments that will
appear on the panel.

Each instrument is, itself, defined in an XML-encoded property list
in a separate file.

Co-ordinates are relative to the *bottom* left corner of the screen
(as in OpenGL).  The total FlightGear window is always considered to
be 1024x768, whatever its actual display size on the screen.  All
paths are relative to $FG_ROOT.

Note that the name of the element defining each instrument must be
different, or else instrument definitions will be overwritten:
that's not particularly XML-ish, but that's how property lists
work in FlightGear right now.

Each instrument has its own preferred width and height, but you can
override those by providing <w>Aircraft</w> and <h>..</h> properties with the
<x>Aircraft.</x> and <y>...</y> properties.
-->

<!DOCTYPE PropertyList SYSTEM "panel.dtd">

<PropertyList>

 <name>Mini Panel</name>
 <background>Panels/Textures/fondo.png</background>
 <w>1024</w>
 <h>576</h>
 <y-offset>0</y-offset>
<!-- <view-height>768</view-height>-->

 <instruments>

  <instrument include="Panels/throttle-quadrant.xml">
   <name>Fuel Throttle Quadrant</name>
   <x>595</x>
   <y>40</y>
  </instrument>
  
  <instrument include="Panels/HeadingCourse.xml">
   <name>HeadingCourse</name>
   <x>595</x>
   <y>106</y>
  </instrument>

  <instrument include="Panels/rpm-left.xml">
   <name>RPM Gauge engine 0</name>
   <x>727</x>
   <y>75</y>
   <w>110</w>
   <h>110</h>
  </instrument>

  <instrument include="Panels/rpm-right.xml">
   <name>RPM Gauge engine 1</name>
   <x>827</x>
   <y>75</y>
   <w>110</w>
   <h>110</h>
  </instrument>
  
  <instrument include="Panels/flap.xml">
   <name>Flaps Control</name>
   <x>990</x>
   <y>75</y>
  </instrument>

  <instrument include="Aircraft/Instruments/gear-indicator.xml">
   <name>Gear Indicator</name>
   <x>920</x>
   <y>130</y>
  </instrument>

  <instrument include="Panels/single-magneto-switch.xml">
   <name>Magneto Control</name>
   <x>955</x>
   <y>75</y>
  </instrument>

  <instrument include="Aircraft/Instruments/brakes.xml">
   <name>Brake Indicator Light</name>
   <x>920</x>
   <y>20</y>
  </instrument>



  <instrument include="Aircraft/Instruments/asi-c310.xml">
   <name>Airspeed Indicator</name>
   <x>65</x>
   <y>480</y>
   <w>120</w>
   <h>120</h>
  </instrument>

  <instrument include="Aircraft/Instruments/turn-hi.xml">
   <name>Turn Coordinator</name>
   <x>185</x>
   <y>480</y>
   <w>120</w>
   <h>120</h>
  </instrument>

  <instrument include="Aircraft/Instruments/attitude-indicator-hi.xml">
   <name>Attitude Gyro</name>
   <x>305</x>
   <y>480</y>
   <w>120</w>
   <h>120</h>
  </instrument>

  <instrument include="Aircraft/Instruments/altimeter.xml">
   <name>Altimeter</name>
   <x>720</x>
   <y>480</y>
   <w>120</w>
   <h>120</h>
  </instrument>

  <instrument include="Aircraft/Instruments/vertical-hi.xml">
   <name>Vertical Velocity Indicator</name>
   <x>840</x>
   <y>480</y>
   <w>120</w>
   <h>120</h>
  </instrument>

  <instrument include="Panels/rmi.xml">
     <name>RMI Gauge</name>
     <x>960</x>
     <y>480</y>
     <w>120</w>
     <h>120</h>
  </instrument>


  <instrument include="Aircraft/Instruments/markerbeacon.xml">
   <name>Marker Beacon Indicators</name>
   <x>70</x>
   <y>405</y>S
  </instrument>
   
  <instrument include="Aircraft/Instruments/dme.xml">
   <name>DME Display</name>
   <x>70</x>
   <y>361</y>
  </instrument>

  <instrument include="Panels/navradio.xml">
   <name>NavCom 1 Radio</name>
   <x>7</x>
   <y>298</y>
  </instrument>

  <instrument include="Panels/navradio.xml">
   <name>NavCom 2 Radio</name>
   <params>
    <nav-freq-selected-prop>/instrumentation/nav[1]/frequencies/selected-mhz</nav-freq-selected-prop>
    <nav-freq-standby-prop>/instrumentation/nav[1]/frequencies/standby-mhz</nav-freq-standby-prop>
    <nav-morse-id-volume-prop>/instrumentation/nav[1]/volume</nav-morse-id-volume-prop>
    <nav-morse-ident-toggle-prop>/instrumentation/nav[1]/ident</nav-morse-ident-toggle-prop>
   </params>
   <x>7</x>
   <y>233</y>
  </instrument>

  <instrument include="Panels/adfradio.xml">
   <name>ADF Radio</name>
   <x>7</x>
   <y>168</y>
  </instrument>
  
  <instrument include="Panels/KAP140TwoAxisAlt.xml">
   <name>Autopilot</name>
   <x>260</x>
   <y>70</y>
  </instrument>


  <instrument include="Panels/hsi-bk-hi.xml">
   <name>Directional Gyro</name>
   <x>930</x>
   <y>285</y>
   <w>180</w>
   <h>180</h>
  </instrument>






  
 </instruments>

</PropertyList>

