<?xml version="1.0"?>

<!--
rmi.xml

RMI Gauge

Based on thw work of Martin Dressler dr@musicabona.cz

-->

<PropertyList>

 <name>RMI Gauge</name>
 <w-base>512</w-base>
 <h-base>512</h-base>

 <params>
  <heading>/orientation/heading-deg</heading>
  <adf-needle-deg>/instrumentation/adf/indicated-bearing-deg</adf-needle-deg>
  <vor2-needle-deg>/instrumentation/nav[1]/vor/radial-inbound</vor2-needle-deg>
 </params>

 <layers>
 
  <layer>
   <name>NAV backplate</name>
   <w>320</w>
   <h>320</h>
   <texture>
    <path>Panels/Textures/nav3.rgb</path>
    <x1>0.0</x1>
    <x2>0.625</x2>
    <y1>0.0</y1>
    <y2>0.625</y2>
   </texture>
  </layer>

  <layer>
   <name>ADF needle</name>
   <condition>
     <equals>
       <property>/instrumentation/adf/in-range</property>
       <value type="bool">true</value>
     </equals>
   </condition>
   <w>44</w>
   <h>308</h>
   <texture>
    <path>Aircraft/Instruments/Textures/nav4.rgb</path>
    <x1>0.4765625</x1>
    <x2>0.5625</x2>
    <y1>0.0</y1>
    <y2>0.6015625</y2>
   </texture>
   <transformations>
    <transformation>
     <type>rotation</type>
     <offset>0</offset>
     <property alias="../../../../../params/adf-needle-deg"/>
     <min>0</min>
     <max>360</max>
     <scale>1</scale>
    </transformation>
    <transformation>
     <type>y-shift</type>
     <offset>2</offset>
    </transformation>
   </transformations>
  </layer>

  <layer>
   <name>VOR2 needle</name>
   <condition>
     <equals>
       <property>/instrumentation/nav[1]/data-is-valid</property>
       <value type="bool">true</value>
     </equals>
   </condition>
   <w>44</w>
   <h>308</h>
   <texture>
    <path>Panels/Textures/nav4_green.rgb</path>
    <x1>0.4765625</x1>
    <x2>0.5625</x2>
    <y1>0.0</y1>
    <y2>0.6015625</y2>
   </texture>
   <transformations>
    <transformation>
     <type>rotation</type>
     <offset>0</offset>
     <property alias="../../../../../params/vor2-needle-deg"/>
     <min>0</min>
     <max>360</max>
     <scale>1</scale>
    </transformation>
    <transformation>
     <type>rotation</type>
     <offset>0</offset>
     <property alias="../../../../../params/heading"/>
     <min>0</min>
     <max>360</max>
     <scale>-1</scale>
    </transformation>
    <transformation>
     <type>y-shift</type>
     <offset>2</offset>
    </transformation>
   </transformations>
  </layer>

  <layer>
   <name>Radial</name>
   <w>512</w>
   <h>512</h>
   <texture>
    <path>Aircraft/Instruments/Textures/nav2.rgb</path>
    <x1>0.0</x1>
    <x2>1.0</x2>
    <y1>0.0</y1>
    <y2>1.0</y2>
   </texture>
   <transformations>
    <transformation>
     <type>rotation</type>
     <property alias="../../../../../params/heading"/>
     <min>0.0</min>
     <max>360.0</max>
     <scale>-1.0</scale>
    </transformation>
   </transformations>
  </layer>

  <layer>
   <name>ADF star</name>
   <w>512</w>
   <h>512</h>
   <texture>
    <path>Aircraft/Instruments/Textures/nav5.rgb</path>
    <x1>0.0</x1>
    <x2>1.0</x2>
    <y1>0.0</y1>
    <y2>1.0</y2>
   </texture>
  </layer>

  <layer>
   <name>Foreground</name>
   <w>512</w>
   <h>512</h>
   <texture>
    <path>Panels/Textures/nav1.rgb</path>
    <x1>0.0</x1>
    <x2>1.0</x2>
    <y1>0.0</y1>
    <y2>1.0</y2>
   </texture>
  </layer>

  <layer>
   <name>HDG Knob</name>
   <condition>
    <equals>
     <property>/sim/instrument-options/omit-knobs</property>
     <value></value>
    </equals>
   </condition>
   <w>100</w>
   <h>100</h>
   <texture>
    <path>Aircraft/Instruments/Textures/nav4.rgb</path>
    <x1>0.5625</x1>
    <x2>0.757812</x2>
    <y1>0.0</y1>
    <y2>0.195312</y2>
   </texture>
   <transformations>
    <transformation>
     <type>x-shift</type>
     <offset>-181</offset>
    </transformation>
    <transformation>
     <type>y-shift</type>
     <offset>-192</offset>
    </transformation>
    <transformation>
     <type>rotation</type>
     <property alias="../../../../../params/heading"/>
     <scale>5</scale>
    </transformation>
   </transformations>
  </layer>
 
 </layers>

</PropertyList>
