<?xml version="1.0"?>
<PropertyList>
  <title>After Start Engine Check</title>  
  <item>
    <name>Throttle</name>
    <value>800-1000 RPM</value>
  </item>
  <item>
    <name>Oil Pressure</name>
    <value>Checked Green</value>
  </item>
  <item>
    <name>Ampere Meter</name>
    <value>Checked</value>
  </item>
  <item>
    <name>Annunciator</name>
    <value>Checked</value>
  </item>
  <item>
    <name>Radios</name>
    <value>On</value>
  </item>
  <item>
    <name>Altimeter</name>
    <value>Set</value>
  </item>
</PropertyList>
