<?xml version="1.0"?>
<PropertyList>
  <title>After Landing Check</title>  
  <item>
    <name><![CDATA[Anti/De-Icing Systems]]></name>
    <value>All Off</value>
  </item>
  <item>
    <name>Weather Radar</name>
    <value>Standby</value>
  </item>
  <item>
    <name>Pitot Heat</name>
    <value>Off</value>
  </item>
  <item>
    <name>Strobe Lights</name>
    <value>Off</value>
  </item>
  <item>
    <name>Heater</name>
    <value>Fan</value>
  </item>
  <item>
    <name>Flaps</name>
    <value>Up</value>
  </item>
  <item>
    <name>Cowl Flaps</name>
    <value>Open</value>
  </item>
  <item>
    <name>Transponder</name>
    <value>Standby</value>
  </item>
</PropertyList>
