<?xml version="1.0"?>
<PropertyList>
  <title>Approach Check</title>  
  <item>
    <name><![CDATA[ATIS / Weather]]></name>
    <value>Received</value>
  </item>
  <item>
    <name>Altimeter</name>
    <value>Set</value>
  </item>
  <item>
    <name>Fuel Selector</name>
    <value>On (Forward)</value>
  </item>
  <item>
    <name>Seatbelts</name>
    <value>Fastened</value>
  </item>
  <item>
    <name>Approach Briefing</name>
    <value>Complete</value>
  </item>
  <item>
    <name>Gyro</name>
    <value>Checked</value>
  </item>
</PropertyList>
