<?xml version="1.0"?>
<PropertyList>
  <title>Before Take Off Check</title>  
  <item>
    <name>Run Up</name>
    <value>Completed</value>
  </item>
  <item>
    <name>Fuel Selector</name>
    <value><![CDATA[On / Forward]]></value>
  </item>
  <item>
    <name>Clearance</name>
    <value>Received</value>
  </item>
  <item>
    <name>Departure Briefing</name>
    <value>Complete</value>
  </item>
  <item>
    <name>Emergency Briefing</name>
    <value>Complete</value>
  </item>
</PropertyList>
