<?xml version="1.0"?>
<PropertyList>
  <title>Cockpit Check</title>  
  <item>
    <name>Preflight Inspection</name>
    <value>Complete</value>
  </item>
  <item>
    <name>Papers</name>
    <value>Aboard</value>
  </item>
  <item>
    <name>Seat Belts</name>
    <value>Fastened</value>
  </item>
  <item>
    <name>Cabin Doors</name>
    <value>Closed and Locked</value>
  </item>
  <item>
    <name>All Switches</name>
    <value>Off</value>
  </item>
  <item>
    <name>Gear Lever</name>
    <value>Down</value>
  </item>
  <item>
    <name>Circuit Breakers</name>
    <value>All In</value>
  </item>
  <item>
    <name>Parking Brake</name>
    <value>Set</value>
  </item>
</PropertyList>
