<?xml version="1.0"?>
<PropertyList>
  <title>Run Up List</title>  
  <item>
    <name>Engine Instruments</name>
    <value>Green</value>
  </item>
  <item>
    <name>Gyro Pressure</name>
    <value>Checked</value>
  </item>
  <item>
    <name>Throttle</name>
    <value>1000 RPM</value>
  </item>
  <item>
    <name>Manifold Pressure</name>
    <value>Drain</value>
  </item>
  <item>
    <name>Throttle</name>
    <value>1900 RPM</value>
  </item>
  <item>
    <name>Magnetos</name>
    <value>Check max. drop 50 RPM</value>
  </item>
  <item>
    <name>Throttle</name>
    <value>1600 RPM</value>
  </item>
  <item>
    <name>Propeller Governor</name>
    <value>Checked</value>
  </item>
  <item>
    <name>Throttle</name>
    <value>1000 RPM</value>
  </item>
  <item>
    <name>Propeller Feather</name>
    <value>Checked</value>
  </item>
  <item>
    <name>Alternate Air</name>
    <value>Checked</value>
  </item>
</PropertyList>
