<?xml version="1.0"?>
<PropertyList>
  <title>Start Engine List</title>  
  <item>
    <name>Cowl Flaps</name>
    <value>Open</value>
  </item>
  <item>
    <name>Fuel Selector</name>
    <value>On (Forward)</value>
  </item>
  <item>
    <name>Mixture</name>
    <value>Rich</value>
  </item>
  <item>
    <name>Propeller</name>
    <value>High RPM</value>
  </item>
  <item>
    <name>Throttle</name>
    <value>Full</value>
  </item>
  <item>
    <name>Beacon</name>
    <value>On</value>
  </item>
  <item>
    <name>Magnetos</name>
    <value>Both On</value>
  </item>
  <item>
    <name>Fuel Prime</name>
    <value>5-10 Seconds</value>
  </item>
  <item>
    <name>Throttle</name>
    <value>Idle</value>
  </item>
  <item>
    <name>Engine Starter</name>
    <value>Start to 500 RPM</value>
  </item>
  <item>
    <name>Throttle</name>
    <value>800-1000RPM</value>
  </item>
</PropertyList>
