<?xml version="1.0"?>
<PropertyList>
  <title>Taxi Check</title>  
  <item>
    <name>Brakes</name>
    <value>Checked</value>
  </item>
  <item>
    <name>Instruments</name>
    <value>Checked</value>
  </item>
  <item>
    <name>Flight Controls</name>
    <value>Checked</value>
  </item>
  <item>
    <name>X-Feed</name>
    <value>Checked</value>
  </item>
  <item>
    <name>Flaps</name>
    <value>Checked and Set</value>
  </item>
  <item>
    <name>Trim</name>
    <value>Set for Takeoff</value>
  </item>
</PropertyList>
