<?xml version="1.0" ?>
<!--
 This file is part of FlightGear, the free flight simulator
 http://www.flightgear.org/

 Copyright (C) 2007 Torsten Dreyer, Torsten (at) t3r _dot_ de
 Copyright (C) 2007 Dave Perry

 This program is free software; you can redistribute it and/or
 modify it under the terms of the GNU General Public License as
 published by the Free Software Foundation; either version 2 of the
 License, or (at your option) any later version.

 This program is distributed in the hope that it will be useful, but
 WITHOUT ANY WARRANTY; without even the implied warranty of
 MERCHANTABILITY or FITNESS FOR A PARTICULAR PURPOSE.  See the GNU
 General Public License for more details.
-->
<PropertyList>
    <path>AutopilotMode.ac</path>

    <animation>
        <type>noshadow</type>
        <object-name>AutopilotMode</object-name>
    </animation>

    <animation>
        <type>material</type>
        <object-name>AutopilotMode.Face</object-name>
        <emission>
            <red-prop>sim/model/material/overhead-lighting/red</red-prop>
            <green-prop>sim/model/material/overhead-lighting/green</green-prop>
            <blue-prop>sim/model/material/overhead-lighting/blue</blue-prop>
            <factor-prop>sim/model/material/overhead-lighting/factor</factor-prop>
        </emission>
    </animation>
    
    <animation>
        <type>material</type>
        <object-name>AutopilotMode.Knob</object-name>
        <emission>
            <red-prop>sim/model/material/instruments/red</red-prop>
            <green-prop>sim/model/material/instruments/green</green-prop>
            <blue-prop>sim/model/material/instruments/blue</blue-prop>
            <factor-prop>sim/model/material/instruments/factor</factor-prop>
        </emission>
    </animation>

    <animation>
        <type>rotate</type>
        <object-name>AutopilotMode.Knob</object-name>
        <property>autopilot/CENTURYIII/controls/mode</property>
        <factor>-30</factor>
        <offset-deg>60</offset-deg>
        <axis>
            <x>1</x>
            <y>0</y>
            <z>0</z>
        </axis>
        <center>
            <x-m>0</x-m>
            <y-m>0</y-m>
            <z-m>-0.00592792</z-m>
        </center>
    </animation>

    <animation>
      <type>pick</type>
      <object-name>AutopilotMode.FaceL</object-name>
      <visible>true</visible>
      <action>
        <button>0</button>
        <repeatable>false</repeatable>
        <binding>
          <command>property-adjust</command>
          <property>autopilot/CENTURYIII/controls/mode</property>
          <step type="int">-1</step>
          <min>0</min>
          <max>4</max>
        </binding>
      </action>
    </animation>

    <animation>
      <type>pick</type>
      <object-name>AutopilotMode.FaceR</object-name>
      <visible>true</visible>
      <action>
        <button>0</button>
        <repeatable>false</repeatable>
        <binding>
          <command>property-adjust</command>
          <property>autopilot/CENTURYIII/controls/mode</property>
          <step type="int">1</step>
          <min>0</min>
          <max>4</max>
        </binding>
      </action>
    </animation>

</PropertyList>
