<?xml version="1.0"?>
<!--
 This file is part of FlightGear, the free flight simulator
 http://www.flightgear.org/

 Copyright (C) 2009 Torsten Dreyer, Torsten (at) t3r _dot_ de

 This program is free software; you can redistribute it and/or
 modify it under the terms of the GNU General Public License as
 published by the Free Software Foundation; either version 2 of the
 License, or (at your option) any later version.

 This program is distributed in the hope that it will be useful, but
 WITHOUT ANY WARRANTY; without even the implied warranty of
 MERCHANTABILITY or FITNESS FOR A PARTICULAR PURPOSE.  See the GNU
 General Public License for more details.
-->
<PropertyList>
            <entry>
                <ind> 0</ind>
                <dep>0</dep>
            </entry>
            <entry>
                <ind> 40</ind>
                <dep> 31</dep>
            </entry>
            <entry>
                <ind> 50</ind>
                <dep> 52</dep>
            </entry>
            <entry>
                <ind> 60</ind>
                <dep> 75</dep>
            </entry>
            <entry>
                <ind> 70</ind>
                <dep> 95</dep>
            </entry>
            <entry>
                <ind> 80</ind>
                <dep>115</dep>
            </entry>
            <entry>
                <ind> 90</ind>
                <dep>135</dep>
            </entry>
            <entry>
                <ind>100</ind>
                <dep>153</dep>
            </entry>
            <entry>
                <ind> 110</ind>
                <dep>172</dep>
            </entry>
            <entry>
                <ind> 120</ind>
                <dep>191</dep>
            </entry>
            <entry>
                <ind> 130</ind>
                <dep>207</dep>
            </entry>
            <entry>
                <ind> 140</ind>
                <dep>223</dep>
            </entry>
            <entry>
                <ind> 150</ind>
                <dep>237</dep>
            </entry>
            <entry>
                <ind> 160</ind>
                <dep> 250</dep>
            </entry>
            <entry>
                <ind>170</ind>
                <dep> 267</dep>
            </entry>
            <entry>
                <ind> 180</ind>
                <dep> 280</dep>
            </entry>
            <entry>
                <ind>190</ind>
                <dep>293</dep>
            </entry>
            <entry>
                <ind> 200</ind>
                <dep> 307</dep>
            </entry>
            <entry>
                <ind> 210</ind>
                <dep> 314</dep>
            </entry>
            <entry>
                <ind> 280</ind>
                <dep> 355</dep>
            </entry>
</PropertyList>
