<?xml version="1.0"?>
<!--
 This file is part of FlightGear, the free flight simulator
 http://www.flightgear.org/

 Copyright (C) 2009 Torsten Dreyer, Torsten (at) t3r _dot_ de

 This program is free software; you can redistribute it and/or
 modify it under the terms of the GNU General Public License as
 published by the Free Software Foundation; either version 2 of the
 License, or (at your option) any later version.

 This program is distributed in the hope that it will be useful, but
 WITHOUT ANY WARRANTY; without even the implied warranty of
 MERCHANTABILITY or FITNESS FOR A PARTICULAR PURPOSE.  See the GNU
 General Public License for more details.
-->
<PropertyList>
    <path>circuitbreaker.ac</path>

    <animation>
        <type>noshadow</type>
    </animation>
    <animation>
        <type>range</type>
        <min-m>0</min-m>
        <max-m>10</max-m>
    </animation>

    <animation>
        <type>pick</type>
        <object-name>cbpanel.cb.0_0</object-name>
        <visible>true</visible>
        <action>
          <button>0</button>
          <repeatable>false</repeatable>
          <binding>
            <command>property-toggle</command>
            <property>controls/electric/circuitbreaker/cb_0_0</property>
          </binding>
        </action>
    </animation>
    <animation>
        <type>translate</type>
        <object-name>cbpanel.cb.0_0</object-name>
        <property>controls/electric/circuitbreaker/cb_0_0</property>
        <factor>0.007</factor>
        <axis>
            <x>1.0</x>
            <y>0.0</y>
            <z>0.0</z>
        </axis>
    </animation>

    <animation>
        <type>pick</type>
        <object-name>cbpanel.cb.0_1</object-name>
        <visible>true</visible>
        <action>
          <button>0</button>
          <repeatable>false</repeatable>
          <binding>
            <command>property-toggle</command>
            <property>controls/electric/circuitbreaker/cb_0_1</property>
          </binding>
        </action>
    </animation>
    <animation>
        <type>translate</type>
        <object-name>cbpanel.cb.0_1</object-name>
        <property>controls/electric/circuitbreaker/cb_0_1</property>
        <factor>0.007</factor>
        <axis>
            <x>1.0</x>
            <y>0.0</y>
            <z>0.0</z>
        </axis>
    </animation>

    <animation>
        <type>pick</type>
        <object-name>cbpanel.cb.0_2</object-name>
        <visible>true</visible>
        <action>
          <button>0</button>
          <repeatable>false</repeatable>
          <binding>
            <command>property-toggle</command>
            <property>controls/electric/circuitbreaker/cb_0_2</property>
          </binding>
        </action>
    </animation>
    <animation>
        <type>translate</type>
        <object-name>cbpanel.cb.0_2</object-name>
        <property>controls/electric/circuitbreaker/cb_0_2</property>
        <factor>0.007</factor>
        <axis>
            <x>1.0</x>
            <y>0.0</y>
            <z>0.0</z>
        </axis>
    </animation>
    
    <animation>
        <type>pick</type>
        <object-name>cbpanel.cb.0_3</object-name>
        <visible>true</visible>
        <action>
          <button>0</button>
          <repeatable>false</repeatable>
          <binding>
            <command>property-toggle</command>
            <property>controls/electric/circuitbreaker/cb_0_3</property>
          </binding>
        </action>
    </animation>
    <animation>
        <type>translate</type>
        <object-name>cbpanel.cb.0_3</object-name>3
        <property>controls/electric/circuitbreaker/cb_0_3</property>
        <factor>0.007</factor>
        <axis>
            <x>1.0</x>
            <y>0.0</y>
            <z>0.0</z>
        </axis>
    </animation>
    
    <animation>
        <type>pick</type>
        <object-name>cbpanel.cb.0_4</object-name>
        <visible>true</visible>
        <action>
          <button>0</button>
          <repeatable>false</repeatable>
          <binding>
            <command>property-toggle</command>
            <property>controls/electric/circuitbreaker/cb_0_4</property>
          </binding>
        </action>
    </animation>
    <animation>
        <type>translate</type>
        <object-name>cbpanel.cb.0_4</object-name>
        <property>controls/electric/circuitbreaker/cb_0_4</property>
        <factor>0.007</factor>
        <axis>
            <x>1.0</x>
            <y>0.0</y>
            <z>0.0</z>
        </axis>
    </animation>
    
    <animation>
        <type>pick</type>
        <object-name>cbpanel.cb.0_5</object-name>
        <visible>true</visible>
        <action>
          <button>0</button>
          <repeatable>false</repeatable>
          <binding>
            <command>property-toggle</command>
            <property>controls/electric/circuitbreaker/cb_0_5</property>
          </binding>
        </action>
    </animation>
    <animation>
        <type>translate</type>
        <object-name>cbpanel.cb.0_5</object-name>
        <property>controls/electric/circuitbreaker/cb_0_5</property>
        <factor>0.007</factor>
        <axis>
            <x>1.0</x>
            <y>0.0</y>
            <z>0.0</z>
        </axis>
    </animation>
    
    <animation>
        <type>pick</type>
        <object-name>cbpanel.cb.0_6</object-name>
        <visible>true</visible>
        <action>
          <button>0</button>
          <repeatable>false</repeatable>
          <binding>
            <command>property-toggle</command>
            <property>controls/electric/circuitbreaker/cb_0_6</property>
          </binding>
        </action>
    </animation>
    <animation>
        <type>translate</type>
        <object-name>cbpanel.cb.0_6</object-name>
        <property>controls/electric/circuitbreaker/cb_0_6</property>
        <factor>0.007</factor>
        <axis>
            <x>1.0</x>
            <y>0.0</y>
            <z>0.0</z>
        </axis>
    </animation>
    
    <animation>
        <type>pick</type>
        <object-name>cbpanel.cb.0_7</object-name>
        <visible>true</visible>
        <action>
          <button>0</button>
          <repeatable>false</repeatable>
          <binding>
            <command>property-toggle</command>
            <property>controls/electric/circuitbreaker/cb_0_7</property>
          </binding>
        </action>
    </animation>
    <animation>
        <type>translate</type>
        <object-name>cbpanel.cb.0_7</object-name>
        <property>controls/electric/circuitbreaker/cb_0_7</property>
        <factor>0.007</factor>
        <axis>
            <x>1.0</x>
            <y>0.0</y>
            <z>0.0</z>
        </axis>
    </animation>
    
    <animation>
        <type>pick</type>
        <object-name>cbpanel.cb.0_8</object-name>
        <visible>true</visible>
        <action>
          <button>0</button>
          <repeatable>false</repeatable>
          <binding>
            <command>property-toggle</command>
            <property>controls/electric/circuitbreaker/cb_0_8</property>
          </binding>
        </action>
    </animation>
    <animation>
        <type>translate</type>
        <object-name>cbpanel.cb.0_8</object-name>
        <property>controls/electric/circuitbreaker/cb_0_8</property>
        <factor>0.007</factor>
        <axis>
            <x>1.0</x>
            <y>0.0</y>
            <z>0.0</z>
        </axis>
    </animation>
    
    <animation>
        <type>pick</type>
        <object-name>cbpanel.cb.0_9</object-name>
        <visible>true</visible>
        <action>
          <button>0</button>
          <repeatable>false</repeatable>
          <binding>
            <command>property-toggle</command>
            <property>controls/electric/circuitbreaker/cb_0_9</property>
          </binding>
        </action>
    </animation>
    <animation>
        <type>translate</type>
        <object-name>cbpanel.cb.0_9</object-name>
        <property>controls/electric/circuitbreaker/cb_0_9</property>
        <factor>0.007</factor>
        <axis>
            <x>1.0</x>
            <y>0.0</y>
            <z>0.0</z>
        </axis>
    </animation>
    
<!--
    <animation>
        <type>pick</type>
        <object-name>cbpanel.cb.0_10</object-name>
        <visible>true</visible>
        <action>
          <button>0</button>
          <repeatable>false</repeatable>
          <binding>
            <command>property-toggle</command>
            <property>controls/electric/circuitbreaker/cb_0_10</property>
          </binding>
        </action>
    </animation>
    <animation>
        <type>translate</type>
        <object-name>cbpanel.cb.0_10</object-name>
        <property>controls/electric/circuitbreaker/cb_0_10</property>
        <factor>0.007</factor>
        <axis>
            <x>1.0</x>
            <y>0.0</y>
            <z>0.0</z>
        </axis>
    </animation>
-->
    
    <animation>
        <type>pick</type>
        <object-name>cbpanel.cb.0_11</object-name>
        <visible>true</visible>
        <action>
          <button>0</button>
          <repeatable>false</repeatable>
          <binding>
            <command>property-toggle</command>
            <property>controls/electric/circuitbreaker/cb_0_11</property>
          </binding>
        </action>
    </animation>
    <animation>
        <type>translate</type>
        <object-name>cbpanel.cb.0_11</object-name>
        <property>controls/electric/circuitbreaker/cb_0_11</property>
        <factor>0.007</factor>
        <axis>
            <x>1.0</x>
            <y>0.0</y>
            <z>0.0</z>
        </axis>
    </animation>
    
    <animation>
        <type>pick</type>
        <object-name>cbpanel.cb.0_12</object-name>
        <visible>true</visible>
        <action>
          <button>0</button>
          <repeatable>false</repeatable>
          <binding>
            <command>property-toggle</command>
            <property>controls/electric/circuitbreaker/cb_0_12</property>
          </binding>
        </action>
    </animation>
    <animation>
        <type>translate</type>
        <object-name>cbpanel.cb.0_12</object-name>
        <property>controls/electric/circuitbreaker/cb_0_12</property>
        <factor>0.007</factor>
        <axis>
            <x>1.0</x>
            <y>0.0</y>
            <z>0.0</z>
        </axis>
    </animation>
    
    <animation>
        <type>pick</type>
        <object-name>cbpanel.cb.0_13</object-name>
        <visible>true</visible>
        <action>
          <button>0</button>
          <repeatable>false</repeatable>
          <binding>
            <command>property-toggle</command>
            <property>controls/electric/circuitbreaker/cb_0_13</property>
          </binding>
        </action>
    </animation>
    <animation>
        <type>translate</type>
        <object-name>cbpanel.cb.0_13</object-name>
        <property>controls/electric/circuitbreaker/cb_0_13</property>
        <factor>0.007</factor>
        <axis>
            <x>1.0</x>
            <y>0.0</y>
            <z>0.0</z>
        </axis>
    </animation>
    
    <animation>
        <type>pick</type>
        <object-name>cbpanel.cb.0_14</object-name>
        <visible>true</visible>
        <action>
          <button>0</button>
          <repeatable>false</repeatable>
          <binding>
            <command>property-toggle</command>
            <property>controls/electric/circuitbreaker/cb_0_14</property>
          </binding>
        </action>
    </animation>
    <animation>
        <type>translate</type>
        <object-name>cbpanel.cb.0_14</object-name>
        <property>controls/electric/circuitbreaker/cb_0_14</property>
        <factor>0.007</factor>
        <axis>
            <x>1.0</x>
            <y>0.0</y>
            <z>0.0</z>
        </axis>
    </animation>
    
    <animation>
        <type>pick</type>
        <object-name>cbpanel.cb.0_15</object-name>
        <visible>true</visible>
        <action>
          <button>0</button>
          <repeatable>false</repeatable>
          <binding>
            <command>property-toggle</command>
            <property>controls/electric/circuitbreaker/cb_0_15</property>
          </binding>
        </action>
    </animation>
    <animation>
        <type>translate</type>
        <object-name>cbpanel.cb.0_15</object-name>
        <property>controls/electric/circuitbreaker/cb_0_15</property>
        <factor>0.007</factor>
        <axis>
            <x>1.0</x>
            <y>0.0</y>
            <z>0.0</z>
        </axis>
    </animation>

    <!-- center row -->
    
    <animation>
        <type>pick</type>
        <object-name>cbpanel.cb.1_0</object-name>
        <visible>true</visible>
        <action>
          <button>0</button>
          <repeatable>false</repeatable>
          <binding>
            <command>property-toggle</command>
            <property>controls/electric/circuitbreaker/cb_1_0</property>
          </binding>
        </action>
    </animation>
    <animation>
        <type>translate</type>
        <object-name>cbpanel.cb.1_0</object-name>
        <property>controls/electric/circuitbreaker/cb_1_0</property>
        <factor>0.007</factor>
        <axis>
            <x>1.0</x>
            <y>0.0</y>
            <z>0.0</z>
        </axis>
    </animation>
    
    <animation>
        <type>pick</type>
        <object-name>cbpanel.cb.1_1</object-name>
        <visible>true</visible>
        <action>
          <button>0</button>
          <repeatable>false</repeatable>
          <binding>
            <command>property-toggle</command>
            <property>controls/electric/circuitbreaker/cb_1_1</property>
          </binding>
        </action>
    </animation>
    <animation>
        <type>translate</type>
        <object-name>cbpanel.cb.1_1</object-name>
        <property>controls/electric/circuitbreaker/cb_1_1</property>
        <factor>0.007</factor>
        <axis>
            <x>1.0</x>
            <y>0.0</y>
            <z>0.0</z>
        </axis>
    </animation>
    
    <animation>
        <type>pick</type>
        <object-name>cbpanel.cb.1_2</object-name>
        <visible>true</visible>
        <action>
          <button>0</button>
          <repeatable>false</repeatable>
          <binding>
            <command>property-toggle</command>
            <property>controls/electric/circuitbreaker/cb_1_2</property>
          </binding>
        </action>
    </animation>
    <animation>
        <type>translate</type>
        <object-name>cbpanel.cb.1_2</object-name>
        <property>controls/electric/circuitbreaker/cb_1_2</property>
        <factor>0.007</factor>
        <axis>
            <x>1.0</x>
            <y>0.0</y>
            <z>0.0</z>
        </axis>
    </animation>
    
    <animation>
        <type>pick</type>
        <object-name>cbpanel.cb.1_3</object-name>
        <visible>true</visible>
        <action>
          <button>0</button>
          <repeatable>false</repeatable>
          <binding>
            <command>property-toggle</command>
            <property>controls/electric/circuitbreaker/cb_1_3</property>
          </binding>
        </action>
    </animation>
    <animation>
        <type>translate</type>
        <object-name>cbpanel.cb.1_3</object-name>
        <property>controls/electric/circuitbreaker/cb_1_3</property>
        <factor>0.007</factor>
        <axis>
            <x>1.0</x>
            <y>0.0</y>
            <z>0.0</z>
        </axis>
    </animation>
    
<!--
    <animation>
        <type>pick</type>
        <object-name>cbpanel.cb.1_4</object-name>
        <visible>true</visible>
        <action>
          <button>0</button>
          <repeatable>false</repeatable>
          <binding>
            <command>property-toggle</command>
            <property>controls/electric/circuitbreaker/cb_1_4</property>
          </binding>
        </action>
    </animation>
    <animation>
        <type>translate</type>
        <object-name>cbpanel.cb.1_4</object-name>
        <property>controls/electric/circuitbreaker/cb_1_4</property>
        <factor>0.007</factor>
        <axis>
            <x>1.0</x>
            <y>0.0</y>
            <z>0.0</z>
        </axis>
    </animation>
    
    <animation>
        <type>pick</type>
        <object-name>cbpanel.cb.1_5</object-name>
        <visible>true</visible>
        <action>
          <button>0</button>
          <repeatable>false</repeatable>
          <binding>
            <command>property-toggle</command>
            <property>controls/electric/circuitbreaker/cb_1_5</property>
          </binding>
        </action>
    </animation>
    <animation>
        <type>translate</type>
        <object-name>cbpanel.cb.1_5</object-name>
        <property>controls/electric/circuitbreaker/cb_1_5</property>
        <factor>0.007</factor>
        <axis>
            <x>1.0</x>
            <y>0.0</y>
            <z>0.0</z>
        </axis>
    </animation>
    
    <animation>
        <type>pick</type>
        <object-name>cbpanel.cb.1_6</object-name>
        <visible>true</visible>
        <action>
          <button>0</button>
          <repeatable>false</repeatable>
          <binding>
            <command>property-toggle</command>
            <property>controls/electric/circuitbreaker/cb_1_6</property>
          </binding>
        </action>
    </animation>
    <animation>
        <type>translate</type>
        <object-name>cbpanel.cb.1_6</object-name>
        <property>controls/electric/circuitbreaker/cb_1_6</property>
        <factor>0.007</factor>
        <axis>
            <x>1.0</x>
            <y>0.0</y>
            <z>0.0</z>
        </axis>
    </animation>
-->
    
    <animation>
        <type>pick</type>
        <object-name>cbpanel.cb.1_7</object-name>
        <visible>true</visible>
        <action>
          <button>0</button>
          <repeatable>false</repeatable>
          <binding>
            <command>property-toggle</command>
            <property>controls/electric/circuitbreaker/cb_1_7</property>
          </binding>
        </action>
    </animation>
    <animation>
        <type>translate</type>
        <object-name>cbpanel.cb.1_7</object-name>
        <property>controls/electric/circuitbreaker/cb_1_7</property>
        <factor>0.007</factor>
        <axis>
            <x>1.0</x>
            <y>0.0</y>
            <z>0.0</z>
        </axis>
    </animation>
    
    <animation>
        <type>pick</type>
        <object-name>cbpanel.cb.1_8</object-name>
        <visible>true</visible>
        <action>
          <button>0</button>
          <repeatable>false</repeatable>
          <binding>
            <command>property-toggle</command>
            <property>controls/electric/circuitbreaker/cb_1_8</property>
          </binding>
        </action>
    </animation>
    <animation>
        <type>translate</type>
        <object-name>cbpanel.cb.1_8</object-name>
        <property>controls/electric/circuitbreaker/cb_1_8</property>
        <factor>0.007</factor>
        <axis>
            <x>1.0</x>
            <y>0.0</y>
            <z>0.0</z>
        </axis>
    </animation>
    
    <animation>
        <type>pick</type>
        <object-name>cbpanel.cb.1_9</object-name>
        <visible>true</visible>
        <action>
          <button>0</button>
          <repeatable>false</repeatable>
          <binding>
            <command>property-toggle</command>
            <property>controls/electric/circuitbreaker/cb_1_9</property>
          </binding>
        </action>
    </animation>
    <animation>
        <type>translate</type>
        <object-name>cbpanel.cb.1_9</object-name>
        <property>controls/electric/circuitbreaker/cb_1_9</property>
        <factor>0.007</factor>
        <axis>
            <x>1.0</x>
            <y>0.0</y>
            <z>0.0</z>
        </axis>
    </animation>
    
    <animation>
        <type>pick</type>
        <object-name>cbpanel.cb.1_10</object-name>
        <visible>true</visible>
        <action>
          <button>0</button>
          <repeatable>false</repeatable>
          <binding>
            <command>property-toggle</command>
            <property>controls/electric/circuitbreaker/cb_1_10</property>
          </binding>
        </action>
    </animation>
    <animation>
        <type>translate</type>
        <object-name>cbpanel.cb.1_10</object-name>
        <property>controls/electric/circuitbreaker/cb_1_10</property>
        <factor>0.007</factor>
        <axis>
            <x>1.0</x>
            <y>0.0</y>
            <z>0.0</z>
        </axis>
    </animation>
    
    <animation>
        <type>pick</type>
        <object-name>cbpanel.cb.1_11</object-name>
        <visible>true</visible>
        <action>
          <button>0</button>
          <repeatable>false</repeatable>
          <binding>
            <command>property-toggle</command>
            <property>controls/electric/circuitbreaker/cb_1_11</property>
          </binding>
        </action>
    </animation>
    <animation>
        <type>translate</type>
        <object-name>cbpanel.cb.1_11</object-name>
        <property>controls/electric/circuitbreaker/cb_1_11</property>
        <factor>0.007</factor>
        <axis>
            <x>1.0</x>
            <y>0.0</y>
            <z>0.0</z>
        </axis>
    </animation>
    
    <animation>
        <type>pick</type>
        <object-name>cbpanel.cb.1_12</object-name>
        <visible>true</visible>
        <action>
          <button>0</button>
          <repeatable>false</repeatable>
          <binding>
            <command>property-toggle</command>
            <property>controls/electric/circuitbreaker/cb_1_12</property>
          </binding>
        </action>
    </animation>
    <animation>
        <type>translate</type>
        <object-name>cbpanel.cb.1_12</object-name>
        <property>controls/electric/circuitbreaker/cb_1_12</property>
        <factor>0.007</factor>
        <axis>
            <x>1.0</x>
            <y>0.0</y>
            <z>0.0</z>
        </axis>
    </animation>
    
    <animation>
        <type>pick</type>
        <object-name>cbpanel.cb.1_13</object-name>
        <visible>true</visible>
        <action>
          <button>0</button>
          <repeatable>false</repeatable>
          <binding>
            <command>property-toggle</command>
            <property>controls/electric/circuitbreaker/cb_1_13</property>
          </binding>
        </action>
    </animation>
    <animation>
        <type>translate</type>
        <object-name>cbpanel.cb.1_13</object-name>
        <property>controls/electric/circuitbreaker/cb_1_13</property>
        <factor>0.007</factor>
        <axis>
            <x>1.0</x>
            <y>0.0</y>
            <z>0.0</z>
        </axis>
    </animation>
    
    <animation>
        <type>pick</type>
        <object-name>cbpanel.cb.1_14</object-name>
        <visible>true</visible>
        <action>
          <button>0</button>
          <repeatable>false</repeatable>
          <binding>
            <command>property-toggle</command>
            <property>controls/electric/circuitbreaker/cb_1_14</property>
          </binding>
        </action>
    </animation>
    <animation>
        <type>translate</type>
        <object-name>cbpanel.cb.1_14</object-name>
        <property>controls/electric/circuitbreaker/cb_1_14</property>
        <factor>0.007</factor>
        <axis>
            <x>1.0</x>
            <y>0.0</y>
            <z>0.0</z>
        </axis>
    </animation>
    
    <animation>
        <type>pick</type>
        <object-name>cbpanel.cb.1_15</object-name>
        <visible>true</visible>
        <action>
          <button>0</button>
          <repeatable>false</repeatable>
          <binding>
            <command>property-toggle</command>
            <property>controls/electric/circuitbreaker/cb_1_15</property>
          </binding>
        </action>
    </animation>
    <animation>
        <type>translate</type>
        <object-name>cbpanel.cb.1_15</object-name>
        <property>controls/electric/circuitbreaker/cb_1_15</property>
        <factor>0.007</factor>
        <axis>
            <x>1.0</x>
            <y>0.0</y>
            <z>0.0</z>
        </axis>
    </animation>
    
    <!-- bottom row -->
    <animation>
        <type>pick</type>
        <object-name>cbpanel.cb.2_0</object-name>
        <visible>true</visible>
        <action>
          <button>0</button>
          <repeatable>false</repeatable>
          <binding>
            <command>property-toggle</command>
            <property>controls/electric/circuitbreaker/cb_2_0</property>
          </binding>
        </action>
    </animation>
    <animation>
        <type>translate</type>
        <object-name>cbpanel.cb.2_0</object-name>
        <property>controls/electric/circuitbreaker/cb_2_0</property>
        <factor>0.007</factor>
        <axis>
            <x>1.0</x>
            <y>0.0</y>
            <z>0.0</z>
        </axis>
    </animation>
    
    <animation>
        <type>pick</type>
        <object-name>cbpanel.cb.2_1</object-name>
        <visible>true</visible>
        <action>
          <button>0</button>
          <repeatable>false</repeatable>
          <binding>
            <command>property-toggle</command>
            <property>controls/electric/circuitbreaker/cb_2_1</property>
          </binding>
        </action>
    </animation>
    <animation>
        <type>translate</type>
        <object-name>cbpanel.cb.2_1</object-name>
        <property>controls/electric/circuitbreaker/cb_2_1</property>
        <factor>0.007</factor>
        <axis>
            <x>1.0</x>
            <y>0.0</y>
            <z>0.0</z>
        </axis>
    </animation>
    
    <animation>
        <type>pick</type>
        <object-name>cbpanel.cb.2_2</object-name>
        <visible>true</visible>
        <action>
          <button>0</button>
          <repeatable>false</repeatable>
          <binding>
            <command>property-toggle</command>
            <property>controls/electric/circuitbreaker/cb_2_2</property>
          </binding>
        </action>
    </animation>
    <animation>
        <type>translate</type>
        <object-name>cbpanel.cb.2_2</object-name>
        <property>controls/electric/circuitbreaker/cb_2_2</property>
        <factor>0.007</factor>
        <axis>
            <x>1.0</x>
            <y>0.0</y>
            <z>0.0</z>
        </axis>
    </animation>
    
    <animation>
        <type>pick</type>
        <object-name>cbpanel.cb.2_3</object-name>
        <visible>true</visible>
        <action>
          <button>0</button>
          <repeatable>false</repeatable>
          <binding>
            <command>property-toggle</command>
            <property>controls/electric/circuitbreaker/cb_2_3</property>
          </binding>
        </action>
    </animation>
    <animation>
        <type>translate</type>
        <object-name>cbpanel.cb.2_3</object-name>
        <property>controls/electric/circuitbreaker/cb_2_3</property>
        <factor>0.007</factor>
        <axis>
            <x>1.0</x>
            <y>0.0</y>
            <z>0.0</z>
        </axis>
    </animation>
    
    <animation>
        <type>pick</type>
        <object-name>cbpanel.cb.2_4</object-name>
        <visible>true</visible>
        <action>
          <button>0</button>
          <repeatable>false</repeatable>
          <binding>
            <command>property-toggle</command>
            <property>controls/electric/circuitbreaker/cb_2_4</property>
          </binding>
        </action>
    </animation>
    <animation>
        <type>translate</type>
        <object-name>cbpanel.cb.2_4</object-name>
        <property>controls/electric/circuitbreaker/cb_2_4</property>
        <factor>0.007</factor>
        <axis>
            <x>1.0</x>
            <y>0.0</y>
            <z>0.0</z>
        </axis>
    </animation>
    
    <animation>
        <type>pick</type>
        <object-name>cbpanel.cb.2_5</object-name>
        <visible>true</visible>
        <action>
          <button>0</button>
          <repeatable>false</repeatable>
          <binding>
            <command>property-toggle</command>
            <property>controls/electric/circuitbreaker/cb_2_5</property>
          </binding>
        </action>
    </animation>
    <animation>
        <type>translate</type>
        <object-name>cbpanel.cb.2_5</object-name>
        <property>controls/electric/circuitbreaker/cb_2_5</property>
        <factor>0.007</factor>
        <axis>
            <x>1.0</x>
            <y>0.0</y>
            <z>0.0</z>
        </axis>
    </animation>
    
    <animation>
        <type>pick</type>
        <object-name>cbpanel.cb.2_6</object-name>
        <visible>true</visible>
        <action>
          <button>0</button>
          <repeatable>false</repeatable>
          <binding>
            <command>property-toggle</command>
            <property>controls/electric/circuitbreaker/cb_2_6</property>
          </binding>
        </action>
    </animation>
    <animation>
        <type>translate</type>
        <object-name>cbpanel.cb.2_6</object-name>
        <property>controls/electric/circuitbreaker/cb_2_6</property>
        <factor>0.007</factor>
        <axis>
            <x>1.0</x>
            <y>0.0</y>
            <z>0.0</z>
        </axis>
    </animation>
    
    <animation>
        <type>pick</type>
        <object-name>cbpanel.cb.2_7</object-name>
        <visible>true</visible>
        <action>
          <button>0</button>
          <repeatable>false</repeatable>
          <binding>
            <command>property-toggle</command>
            <property>controls/electric/circuitbreaker/cb_2_7</property>
          </binding>
        </action>
    </animation>
    <animation>
        <type>translate</type>
        <object-name>cbpanel.cb.2_7</object-name>
        <property>controls/electric/circuitbreaker/cb_2_7</property>
        <factor>0.007</factor>
        <axis>
            <x>1.0</x>
            <y>0.0</y>
            <z>0.0</z>
        </axis>
    </animation>
    
    <animation>
        <type>pick</type>
        <object-name>cbpanel.cb.2_8</object-name>
        <visible>true</visible>
        <action>
          <button>0</button>
          <repeatable>false</repeatable>
          <binding>
            <command>property-toggle</command>
            <property>controls/electric/circuitbreaker/cb_2_8</property>
          </binding>
        </action>
    </animation>
    <animation>
        <type>translate</type>
        <object-name>cbpanel.cb.2_8</object-name>
        <property>controls/electric/circuitbreaker/cb_2_8</property>
        <factor>0.007</factor>
        <axis>
            <x>1.0</x>
            <y>0.0</y>
            <z>0.0</z>
        </axis>
    </animation>
    
<!--
    <animation>
        <type>pick</type>
        <object-name>cbpanel.cb.2_9</object-name>
        <visible>true</visible>
        <action>
          <button>0</button>
          <repeatable>false</repeatable>
          <binding>
            <command>property-toggle</command>
            <property>controls/electric/circuitbreaker/cb_2_9</property>
          </binding>
        </action>
    </animation>
    <animation>
        <type>translate</type>
        <object-name>cbpanel.cb.2_9</object-name>
        <property>controls/electric/circuitbreaker/cb_2_9</property>
        <factor>0.007</factor>
        <axis>
            <x>1.0</x>
            <y>0.0</y>
            <z>0.0</z>
        </axis>
    </animation>
-->
    
    <animation>
        <type>pick</type>
        <object-name>cbpanel.cb.2_10</object-name>
        <visible>true</visible>
        <action>
          <button>0</button>
          <repeatable>false</repeatable>
          <binding>
            <command>property-toggle</command>
            <property>controls/electric/circuitbreaker/cb_2_10</property>
          </binding>
        </action>
    </animation>
    <animation>
        <type>translate</type>
        <object-name>cbpanel.cb.2_10</object-name>
        <property>controls/electric/circuitbreaker/cb_2_10</property>
        <factor>0.007</factor>
        <axis>
            <x>1.0</x>
            <y>0.0</y>
            <z>0.0</z>
        </axis>
    </animation>
    
    <animation>
        <type>pick</type>
        <object-name>cbpanel.cb.2_11</object-name>
        <visible>true</visible>
        <action>
          <button>0</button>
          <repeatable>false</repeatable>
          <binding>
            <command>property-toggle</command>
            <property>controls/electric/circuitbreaker/cb_2_11</property>
          </binding>
        </action>
    </animation>
    <animation>
        <type>translate</type>
        <object-name>cbpanel.cb.2_11</object-name>
        <property>controls/electric/circuitbreaker/cb_2_11</property>
        <factor>0.007</factor>
        <axis>
            <x>1.0</x>
            <y>0.0</y>
            <z>0.0</z>
        </axis>
    </animation>
    
<!--
    <animation>
        <type>pick</type>
        <object-name>cbpanel.cb.2_12</object-name>
        <visible>true</visible>
        <action>
          <button>0</button>
          <repeatable>false</repeatable>
          <binding>
            <command>property-toggle</command>
            <property>controls/electric/circuitbreaker/cb_2_12</property>
          </binding>
        </action>
    </animation>
    <animation>
        <type>translate</type>
        <object-name>cbpanel.cb.2_12</object-name>
        <property>controls/electric/circuitbreaker/cb_2_12</property>
        <factor>0.007</factor>
        <axis>
            <x>1.0</x>
            <y>0.0</y>
            <z>0.0</z>
        </axis>
    </animation>
-->
    
    <animation>
        <type>pick</type>
        <object-name>cbpanel.cb.2_13</object-name>
        <visible>true</visible>
        <action>
          <button>0</button>
          <repeatable>false</repeatable>
          <binding>
            <command>property-toggle</command>
            <property>controls/electric/circuitbreaker/cb_2_13</property>
          </binding>
        </action>
    </animation>
    <animation>
        <type>translate</type>
        <object-name>cbpanel.cb.2_13</object-name>
        <property>controls/electric/circuitbreaker/cb_2_13</property>
        <factor>0.007</factor>
        <axis>
            <x>1.0</x>
            <y>0.0</y>
            <z>0.0</z>
        </axis>
    </animation>
    
    <animation>
        <type>pick</type>
        <object-name>cbpanel.cb.2_14</object-name>
        <visible>true</visible>
        <action>
          <button>0</button>
          <repeatable>false</repeatable>
          <binding>
            <command>property-toggle</command>
            <property>controls/electric/circuitbreaker/cb_2_14</property>
          </binding>
        </action>
    </animation>
    <animation>
        <type>translate</type>
        <object-name>cbpanel.cb.2_14</object-name>
        <property>controls/electric/circuitbreaker/cb_2_14</property>
        <factor>0.007</factor>
        <axis>
            <x>1.0</x>
            <y>0.0</y>
            <z>0.0</z>
        </axis>
    </animation>
    
<!--
    <animation>
        <type>pick</type>
        <object-name>cbpanel.cb.2_15</object-name>
        <visible>true</visible>
        <action>
          <button>0</button>
          <repeatable>false</repeatable>
          <binding>
            <command>property-toggle</command>
            <property>controls/electric/circuitbreaker/cb_2_15</property>
          </binding>
        </action>
    </animation>
    <animation>
        <type>translate</type>
        <object-name>cbpanel.cb.2_15</object-name>
        <property>controls/electric/circuitbreaker/cb_2_15</property>
        <factor>0.007</factor>
        <axis>
            <x>1.0</x>
            <y>0.0</y>
            <z>0.0</z>
        </axis>
    </animation>
-->
    
</PropertyList>
