<?xml version = '1.0' encoding = 'UTF-8' ?>
<!--
 This file is part of FlightGear, the free flight simulator
 http://www.flightgear.org/

 Copyright (C) 2009 Torsten Dreyer, Torsten (at) t3r _dot_ de

 This program is free software; you can redistribute it and/or
 modify it under the terms of the GNU General Public License as
 published by the Free Software Foundation; either version 2 of the
 License, or (at your option) any later version.

 This program is distributed in the hope that it will be useful, but
 WITHOUT ANY WARRANTY; without even the implied warranty of
 MERCHANTABILITY or FITNESS FOR A PARTICULAR PURPOSE.  See the GNU
 General Public License for more details.
-->
<PropertyList>

  <params>
    <value>autopilot/CENTURYIII/settings/gs-captured</value>
    <test>controls/lighting/gs-captured-light-test</test>
  </params>

  <path>ControlLight-Green.ac</path>

  <animation include="ControlLightLightSelectAnimation.xml"/>
  <animation include="ControlLightPickAnimation.xml"/>
  <animation include="ControlLightTranslateAnimation.xml"/>

</PropertyList>
