<?xml version="1.0" ?>
<!--
 This file is part of FlightGear, the free flight simulator
 http://www.flightgear.org/

 Copyright (C) 2009 Torsten Dreyer, Torsten (at) t3r _dot_ de

 This program is free software; you can redistribute it and/or
 modify it under the terms of the GNU General Public License as
 published by the Free Software Foundation; either version 2 of the
 License, or (at your option) any later version.

 This program is distributed in the hope that it will be useful, but
 WITHOUT ANY WARRANTY; without even the implied warranty of
 MERCHANTABILITY or FITNESS FOR A PARTICULAR PURPOSE.  See the GNU
 General Public License for more details.
-->
<PropertyList>
    <path>GearMirror.ac</path>
    <animation>
        <type>noshadow</type>
    </animation>
    <animation>
        <type>range</type>
        <min-m>0</min-m>
        <max-m>100</max-m>
    </animation>
    <animation>
        <type>textranslate</type>
        <object-name>Mirror</object-name>
        <property>gear/gear[0]/position-norm</property>
        <factor>0.5</factor>
        <step>1</step>
        <axis>
            <x>1</x>
            <y>0</y>
            <z>0</z>
        </axis>
    </animation>
</PropertyList>
