<?xml version = '1.0' encoding = 'UTF-8' ?>
<PropertyList>
  <path>Aircraft/SenecaII/Models/NavSourceSwitch.ac</path>
  <params>
    <value>autopilot/CENTURYIII/controls/nav-source</value>
  </params>

  <offsets>
    <x-m>0</x-m>
    <y-m>0</y-m>
    <z-m>0</z-m>
  </offsets>

  <animation>
    <object-name>Lever</object-name>
    <type>pick</type>
    <visible>true</visible>
    <action>
      <button>0</button>
      <repeatable>false</repeatable>
      <binding>
        <command>property-toggle</command>
        <property alias="../../../../params/value"/>
      </binding>
    </action>
  </animation>

  <animation>
    <type>rotate</type>
    <object-name>Lever</object-name>
    <property alias="../../params/value"/>
    <factor>32</factor>
    <axis>
      <x>0</x>
      <y>0</y>
      <z>1</z>
    </axis>
  </animation>

</PropertyList>
