<?xml version = '1.0' encoding = 'UTF-8' ?>
<!--
 This file is part of FlightGear, the free flight simulator
 http://www.flightgear.org/

 Copyright (C) 2009 Torsten Dreyer, Torsten (at) t3r _dot_ de

 This program is free software; you can redistribute it and/or
 modify it under the terms of the GNU General Public License as
 published by the Free Software Foundation; either version 2 of the
 License, or (at your option) any later version.

 This program is distributed in the hope that it will be useful, but
 WITHOUT ANY WARRANTY; without even the implied warranty of
 MERCHANTABILITY or FITNESS FOR A PARTICULAR PURPOSE.  See the GNU
 General Public License for more details.
-->
<PropertyList>
<entry>
<ind>0.000</ind>
<dep>0.000</dep>
</entry>
<entry>
<ind>0.050</ind>
<dep>2.219</dep>
</entry>
<entry>
<ind>0.100</ind>
<dep>4.360</dep>
</entry>
<entry>
<ind>0.150</ind>
<dep>6.434</dep>
</entry>
<entry>
<ind>0.200</ind>
<dep>8.450</dep>
</entry>
<entry>
<ind>0.250</ind>
<dep>10.413</dep>
</entry>
<entry>
<ind>0.300</ind>
<dep>12.330</dep>
</entry>
<entry>
<ind>0.350</ind>
<dep>14.207</dep>
</entry>
<entry>
<ind>0.400</ind>
<dep>16.047</dep>
</entry>
<entry>
<ind>0.450</ind>
<dep>17.855</dep>
</entry>
<entry>
<ind>0.500</ind>
<dep>19.633</dep>
</entry>
<entry>
<ind>0.550</ind>
<dep>21.386</dep>
</entry>
<entry>
<ind>0.600</ind>
<dep>23.114</dep>
</entry>
<entry>
<ind>0.650</ind>
<dep>24.822</dep>
</entry>
<entry>
<ind>0.700</ind>
<dep>26.511</dep>
</entry>
<entry>
<ind>0.750</ind>
<dep>28.183</dep>
</entry>
<entry>
<ind>0.800</ind>
<dep>29.841</dep>
</entry>
<entry>
<ind>0.850</ind>
<dep>31.485</dep>
</entry>
<entry>
<ind>0.900</ind>
<dep>33.117</dep>
</entry>
<entry>
<ind>0.950</ind>
<dep>34.740</dep>
</entry>
<entry>
<ind>1.000</ind>
<dep>36.354</dep>
</entry>
</PropertyList>
