<?xml version="1.0" ?>
<!--
 This file is part of FlightGear, the free flight simulator
 http://www.flightgear.org/

 Copyright (C) 2009 Torsten Dreyer, Torsten (at) t3r _dot_ de

 This program is free software; you can redistribute it and/or
 modify it under the terms of the GNU General Public License as
 published by the Free Software Foundation; either version 2 of the
 License, or (at your option) any later version.

 This program is distributed in the hope that it will be useful, but
 WITHOUT ANY WARRANTY; without even the implied warranty of
 MERCHANTABILITY or FITNESS FOR A PARTICULAR PURPOSE.  See the GNU
 General Public License for more details.
-->
<PropertyList>
    <path>RPM.ac</path>
    
    <params>
      <value>engines/engine[0]/rpm-filtered</value>
    </params>

    <animation>
        <type>noshadow</type>
    </animation>
    <animation>
        <type>range</type>
        <min-m>0</min-m>
        <max-m>10</max-m>
    </animation>
    
    <animation>
        <type>material</type>
        <object-name>Face</object-name>
        <object-name>Needle</object-name>
        <emission>
            <red-prop>sim/model/material/instruments/red</red-prop>
            <green-prop>sim/model/material/instruments/green</green-prop>
            <blue-prop>sim/model/material/instruments/blue</blue-prop>
            <factor-prop>sim/model/material/instruments/factor</factor-prop>
        </emission>
    </animation>
    
    <animation>
        <type>rotate</type>
        <object-name>Pointer</object-name>
        <property alias="../../params/value"/>
        <offset-deg>152.0</offset-deg>
        <factor>-.08</factor>
        <axis>
            <x>1</x>
            <y>0</y>
            <z>0</z>
        </axis>
    </animation>
</PropertyList>
