<?xml version="1.0"?>
<!--
 This file is part of FlightGear, the free flight simulator
 http://www.flightgear.org/

 Copyright (C) 2009 Torsten Dreyer, Torsten (at) t3r _dot_ de

 This program is free software; you can redistribute it and/or
 modify it under the terms of the GNU General Public License as
 published by the Free Software Foundation; either version 2 of the
 License, or (at your option) any later version.

 This program is distributed in the hope that it will be useful, but
 WITHOUT ANY WARRANTY; without even the implied warranty of
 MERCHANTABILITY or FITNESS FOR A PARTICULAR PURPOSE.  See the GNU
 General Public License for more details.
-->
<PropertyList>
    <path>WhiteLight1.ac</path>

    <animation>
        <type>noshadow</type>
        <object-name>Light</object-name>
    </animation>

    <animation>
        <type>alpha-test</type>
        <alpha-factor>0.01</alpha-factor>
    </animation>

    <animation>
        <type>billboard</type>
        <object-name>Light</object-name>
        <spherical type="bool">true</spherical>
    </animation>

    <animation>
        <type>select</type>
        <object-name>Light</object-name>
        <condition>
            <property>sim/model/lights/strobe/state</property>
        </condition>
    </animation>

    <animation>
        <type>dist-scale</type>
        <object-name>Light</object-name>
        <interpolation>
            <entry>
                <ind>0</ind>
                <dep>0.5</dep>
            </entry>
            <entry>
                <ind>20</ind>
                <dep>1</dep>
            </entry>
            <entry>
                <ind>1500</ind>
                <dep>10</dep>
            </entry>
        </interpolation>
    </animation>

</PropertyList>
