<?xml version="1.0"?>
<!--
 This file is part of FlightGear, the free flight simulator
 http://www.flightgear.org/

 Copyright (C) 2009 Torsten Dreyer, Torsten (at) t3r _dot_ de

 This program is free software; you can redistribute it and/or
 modify it under the terms of the GNU General Public License as
 published by the Free Software Foundation; either version 2 of the
 License, or (at your option) any later version.

 This program is distributed in the hope that it will be useful, but
 WITHOUT ANY WARRANTY; without even the implied warranty of
 MERCHANTABILITY or FITNESS FOR A PARTICULAR PURPOSE.  See the GNU
 General Public License for more details.
-->

<PropertyList>

  <name>A/C Registration</name>
  <layout>vbox</layout>
  <modal>false</modal>
  <draggable>true</draggable>

  <group>
    <layout>hbox</layout>
    <text>
      <label>Registration</label>
    </text>
  </group>

  <group>
    <layout>hbox</layout>
    <input>
      <property>/sim/multiplay/generic/string[0]</property>
      <type>STRING</type>
      <width>100</width>
    </input>
  </group>

  <group>
    <layout>hbox</layout>
    <empty><stretch>true</stretch></empty>
    <button>
      <legend>OK</legend>
      <equal>true</equal>
      <default>true</default>
      <key>Esc</key>
      <binding><command>dialog-apply</command></binding>
      <binding><command>dialog-close</command></binding>
    </button>
    <empty><stretch>true</stretch></empty>
  </group>

</PropertyList>

